{"Sandpoint Beach":[482.34022104698715,"Lauzon 10",-82.91906351575062,42.3337446567628],"Detroit, MI (downtown)":[111.98824640376868,"Special Events",-83.04932141432236,42.33643317644021],"Windsor Airport":[92.68067884604167,"Walkerville 8",-82.95969843580758,42.265600122763],"VIA Rail":[148.1634972761012,"Crosstown 2",-83.00930069003446,42.323960803650195],"Caesars Windsor":[31.840002537961112,"Walkerville 8",-83.03514505896365,42.32080644606349],"Hiram Walker & Sons":[274.7200837110902,"Crosstown 2",-83.00930069003446,42.323960803650195],"Walkerville Brewery":[65.97081110763781,"Crosstown 2",-83.01170905788982,42.32330495023334],"Windsor Sculpture Park":[22.08730456366152,"Dominion 5",-83.06055915320101,42.314393674477415],"Artcite Inc.":[62.21877203581227,"Transway 1C",-83.03955768708751,42.31754312990354],"Art Gallery of Windsor":[118.95426930143712,"Walkerville 8",-83.04369831612024,42.31776495006901],"Commmon Ground Gallery":[33.566710304278196,"Crosstown 2",-83.07674479360307,42.300042336048975],"Artspeak (ACWR)":[44.648868987205944,"Crosstown 2",-83.01216286547387,42.3229770209376],"Nancy Johns Gallery and Framing":[27.903711199675115,"Crosstown 2",-82.97992435666862,42.32630661948317],"SB Contemporary Art":[15.032188302939911,"Dougall 6",-83.0378847090391,42.3074713078524],"Windsor Symphony Orchestra":[67.47475796396262,"Transway 1C",-83.04110201641156,42.31727281474981],"KordaZone Theatre":[33.819092624297525,"Ottawa 4",-82.99645597239015,42.31146565315213],"Capitol Theatre":[68.89516777547139,"Transway 1C",-83.04110201641156,42.31727281474981],"Olde Walkerville Theatre":[52.99685950535481,"Walkerville 8",-83.01603271922362,42.321978265876275],"Windsor Light Theatre":[126.43357381258019,"Transway 1C",-82.95676593081522,42.306961622428624],"Chrysler Theatre":[57.40030237342903,"Parent 14",-83.04161356428084,42.319034625356984],"Ojibway Nature Centre":[263.0951900209717,"South Windsor 7",-83.07341042015922,42.268963371495246],"Odette Sculpture Park":[34.97409161569555,"Dominion 5",-83.06055915320101,42.314393674477415],"Jackson Park":[36.644779067734696,"Transway 1A",-83.02377068929177,42.296828002846034],"Coventry Gardens (Peace Fountain)":[234.6481020764318,"Crosstown 2",-82.98059896379002,42.32636712890113],"Canada South Science City":[204.7943402845983,"Central 3",-83.01857493908082,42.314424576556085],"St. Clair College":[7.957594239471025,"Dominion 5",-83.01796575246753,42.24604040000969],"University of Windsor":[18.0307100241224,"Crosstown 2",-83.06375200899575,42.304937668080264],"Little River Golf Course":[63.27870251784687,"Lauzon 10",-82.92722102708937,42.30670358928032],"Roseland Golf and Curling Club":[217.89183445953492,"South Windsor 7",-83.00470068790057,42.25715925818223],"Ambassador Golf Club":[14.308484843982427,"South Windsor 7",-83.07979162263251,42.25432881178232],"Willistead Manor":[270.67824898155374,"Walkerville 8",-83.01376852912325,42.318463127044616],"Sandwich First Baptist Church":[83.5578406033632,"Crosstown 2",-83.08019569684207,42.291090263512686],"Bedford United Church of Canada":[72.80342828900335,"Crosstown 2",-83.07722312365185,42.29966842596517],"Mackenzie Hall Cultural Centre":[25.156958329046233,"Crosstown 2",-83.07674479360307,42.300042336048975],"Rum Runners Tour":[109.65935133043628,"Transway 1C",-82.91859052667483,42.30415883979435],"Windsor Wood Carving Museum":[28.9185134889881,"Transway 1A",-83.03516761680729,42.311331638105074],"Windsor's Community Museum":[15.520106598798934,"Walkerville 8",-83.04160963470628,42.31866257400356],"Serbian Heritage Museum":[52.76694821279628,"Transway 1C",-82.94432338221894,42.311578445114804],"Canadian Historical Aircraft Association":[421.64184948382467,"Walkerville 8",-82.97110757661738,42.26613471787835],"Adventure Bay Family Water Park":[93.47169571809971,"Walkerville 8",-83.04369831612024,42.31776495006901],"YMCA":[153.74911460886935,"Crosstown 2",-83.03927045323704,42.31332649615867],"Yoyo's Family Fun Centre":[37.20809731732637,"Transway 1C",-82.97077813584144,42.306768472003135],"XS Family Fun Centre":[101.62037662674607,"Central 3",-83.05453334228574,42.278100912541944]}
